cca2	cca3	ccn3	name_common	name_official	capital	region	subregion	continent	latitude	longitude	area	population	landlocked	independent	un_member	languages	currency_code	currency_name	currency_symbol	borders	timezones	driving_side	tld	idd_root	idd_suffix	demonym_m	demonym_f	flag_emoji	income_level	start_of_week
AF	AFG	004	Afghanistan	Islamic Republic of Afghanistan	Kabul	Asia	Southern Asia	Asia	33	65	652230	43844000	1	1	1	Dari;Pashto;Turkmen	AFN	Afghan afghani	؋	IRN;PAK;TKM;UZB;TJK;CHN	UTC+04:30	right	.af	+9	3	Afghan	Afghan	🇦🇫	Low income	monday
AL	ALB	008	Albania	Republic of Albania	Tirana	Europe	Southeast Europe	Europe	41	20	28748	2363314	0	1	1	Albanian	ALL	Albanian lek	L	MNE;GRC;MKD;UNK	UTC+01:00	right	.al	+3	55	Albanian	Albanian	🇦🇱	Upper middle income	monday
DZ	DZA	012	Algeria	People's Democratic Republic of Algeria	Algiers	Africa	Northern Africa	Africa	28	3	2381741	47400000	0	1	1	Arabic	DZD	Algerian dinar	د.ج	TUN;LBY;NER;ESH;MRT;MLI;MAR	UTC+01:00	right	.dz	+2	13	Algerian	Algerian	🇩🇿	Upper middle income	sunday
AD	AND	020	Andorra	Principality of Andorra	Andorra la Vella	Europe	Southern Europe	Europe	42.5	1.5	468	88406	1	1	1	Catalan	EUR	euro	€	FRA;ESP	UTC+01:00	right	.ad	+3	76	Andorran	Andorran	🇦🇩	High income	monday
AO	AGO	024	Angola	Republic of Angola	Luanda	Africa	Middle Africa	Africa	-12.5	18.5	1246700	36170961	0	1	1	Portuguese	AOA	Angolan kwanza	Kz	COG;COD;ZMB;NAM	UTC+01:00	right	.ao	+2	44	Angolan	Angolan	🇦🇴	Lower middle income	monday
AG	ATG	028	Antigua and Barbuda	Antigua and Barbuda	Saint John's	Americas	Caribbean	North America	17.05	-61.8	442	103603	0	1	1	English	XCD	Eastern Caribbean dollar	$		UTC-04:00	left	.ag	+1	268	Antiguan, Barbudan	Antiguan, Barbudan	🇦🇬	High income	monday
AR	ARG	032	Argentina	Argentine Republic	Buenos Aires	Americas	South America	South America	-34	-64	2780400	46735004	0	1	1	Guaraní;Spanish	ARS	Argentine peso	$	BOL;BRA;CHL;PRY;URY	UTC-03:00	right	.ar	+5	4	Argentine	Argentine	🇦🇷	Upper middle income	monday
AM	ARM	051	Armenia	Republic of Armenia	Yerevan	Asia	Western Asia	Asia	40	45	29743	3076200	1	1	1	Armenian	AMD	Armenian dram	֏	AZE;GEO;IRN;TUR	UTC+04:00	right	.am	+3	74	Armenian	Armenian	🇦🇲	Upper middle income	monday
AU	AUS	036	Australia	Commonwealth of Australia	Canberra	Oceania	Australia and New Zealand	Oceania	-27	133	7692024	27536874	0	1	1	English	AUD	Australian dollar	$		UTC+05:00;UTC+06:30;UTC+07:00;UTC+08:00;UTC+09:30;UTC+10:00;UTC+10:30;UTC+11:30	left	.au	+6	1	Australian	Australian	🇦🇺	High income	monday
AT	AUT	040	Austria	Republic of Austria	Vienna	Europe	Central Europe	Europe	47.33333333	13.33333333	83871	9200931	1	1	1	German	EUR	euro	€	CZE;DEU;HUN;ITA;LIE;SVK;SVN;CHE	UTC+01:00	right	.at	+4	3	Austrian	Austrian	🇦🇹	High income	monday
AZ	AZE	031	Azerbaijan	Republic of Azerbaijan	Baku	Asia	Western Asia	Europe;Asia	40.5	47.5	86600	10241722	1	1	1	Azerbaijani	AZN	Azerbaijani manat	₼	ARM;GEO;IRN;RUS;TUR	UTC+04:00	right	.az	+9	94	Azerbaijani	Azerbaijani	🇦🇿	Upper middle income	monday
BS	BHS	044	Bahamas	Commonwealth of the Bahamas	Nassau	Americas	Caribbean	North America	25.0343	-77.3963	13943	398165	0	1	1	English	BSD	Bahamian dollar	$		UTC-05:00	left	.bs	+1	242	Bahamian	Bahamian	🇧🇸	High income	monday
BH	BHR	048	Bahrain	Kingdom of Bahrain	Manama	Asia	Western Asia	Asia	26	50.55	765	1594654	0	1	1	Arabic	BHD	Bahraini dinar	.د.ب		UTC+03:00	right	.bh	+9	73	Bahraini	Bahraini	🇧🇭	High income	monday
BD	BGD	050	Bangladesh	People's Republic of Bangladesh	Dhaka	Asia	Southern Asia	Asia	24	90	147570	169828911	0	1	1	Bengali	BDT	Bangladeshi taka	৳	MMR;IND	UTC+06:00	left	.bd	+8	80	Bangladeshi	Bangladeshi	🇧🇩	Lower middle income	sunday
BB	BRB	052	Barbados	Barbados	Bridgetown	Americas	Caribbean	North America	13.16666666	-59.53333333	430	267800	0	1	1	English	BBD	Barbadian dollar	$		UTC-04:00	left	.bb	+1	246	Barbadian	Barbadian	🇧🇧	High income	monday
BY	BLR	112	Belarus	Republic of Belarus	Minsk	Europe	Eastern Europe	Europe	53	28	207600	9109280	1	1	1	Belarusian;Russian	BYN	Belarusian ruble	Br	LVA;LTU;POL;RUS;UKR	UTC+03:00	right	.by	+3	75	Belarusian	Belarusian	🇧🇾	Upper middle income	monday
BE	BEL	056	Belgium	Kingdom of Belgium	Brussels	Europe	Western Europe	Europe	50.83333333	4	30528	11825551	0	1	1	Dutch;French;German	EUR	euro	€	FRA;DEU;LUX;NLD	UTC+01:00	right	.be	+3	2	Belgian	Belgian	🇧🇪	High income	monday
BZ	BLZ	084	Belize	Belize	Belmopan	Americas	Central America	North America	17.25	-88.75	22966	417634	0	1	1	Belizean Creole;English;Spanish	BZD	Belize dollar	$	GTM;MEX	UTC-06:00	right	.bz	+5	01	Belizean	Belizean	🇧🇿	Upper middle income	monday
BJ	BEN	204	Benin	Republic of Benin	Porto-Novo	Africa	Western Africa	Africa	9.5	2.25	112622	13224860	0	1	1	French	XOF	West African CFA franc	Fr	BFA;NER;NGA;TGO	UTC+01:00	right	.bj	+2	29	Beninese	Beninese	🇧🇯	Lower middle income	monday
BT	BTN	064	Bhutan	Kingdom of Bhutan	Thimphu	Asia	Southern Asia	Asia	27.5	90.5	38394	784043	1	1	1	Dzongkha	BTN	Bhutanese ngultrum	Nu.	CHN;IND	UTC+06:00	left	.bt	+9	75	Bhutanese	Bhutanese	🇧🇹	Lower middle income	monday
BO	BOL	068	Bolivia	Plurinational State of Bolivia	Sucre	Americas	South America	South America	-17	-65	1098581	11365333	1	1	1	Aymara;Guaraní;Quechua;Spanish	BOB	Bolivian boliviano	Bs.	ARG;BRA;CHL;PRY;PER	UTC-04:00	right	.bo	+5	91	Bolivian	Bolivian	🇧🇴	Lower middle income	monday
BA	BIH	070	Bosnia and Herzegovina	Bosnia and Herzegovina	Sarajevo	Europe	Southeast Europe	Europe	44	18	51209	3422000	0	1	1	Bosnian;Croatian;Serbian	BAM	Bosnia and Herzegovina convertible mark	KM	HRV;MNE;SRB	UTC+01:00	right	.ba	+3	87	Bosnian, Herzegovinian	Bosnian, Herzegovinian	🇧🇦	Upper middle income	monday
BW	BWA	072	Botswana	Republic of Botswana	Gaborone	Africa	Southern Africa	Africa	-22	24	582000	2359609	1	1	1	English;Tswana	BWP	Botswana pula	P	NAM;ZAF;ZMB;ZWE	UTC+02:00	left	.bw	+2	67	Motswana	Motswana	🇧🇼	Upper middle income	monday
BR	BRA	076	Brazil	Federative Republic of Brazil	Brasília	Americas	South America	South America	-10	-55	8515767	213421037	0	1	1	Portuguese	BRL	Brazilian real	R$	ARG;BOL;COL;GUF;GUY;PRY;PER;SUR;URY;VEN	UTC-05:00;UTC-04:00;UTC-03:00;UTC-02:00	right	.br	+5	5	Brazilian	Brazilian	🇧🇷	Upper middle income	sunday
BN	BRN	096	Brunei	Nation of Brunei, Abode of Peace	Bandar Seri Begawan	Asia	South-Eastern Asia	Asia	4.5	114.66666666	5765	455500	0	1	1	Malay	BND	Brunei dollar	$	MYS	UTC+08:00	left	.bn	+6	73	Bruneian	Bruneian	🇧🇳	High income	monday
BG	BGR	100	Bulgaria	Republic of Bulgaria	Sofia	Europe	Southeast Europe	Europe	43	25	110879	6437360	0	1	1	Bulgarian	BGN	Bulgarian lev	лв	GRC;MKD;ROU;SRB;TUR	UTC+02:00	right	.bg	+3	59	Bulgarian	Bulgarian	🇧🇬	High income	monday
BF	BFA	854	Burkina Faso	Burkina Faso	Ouagadougou	Africa	Western Africa	Africa	13	-2	272967	24070553	1	1	1	French	XOF	West African CFA franc	Fr	BEN;CIV;GHA;MLI;NER;TGO	UTC	right	.bf	+2	26	Burkinabe	Burkinabe	🇧🇫	Low income	monday
BI	BDI	108	Burundi	Republic of Burundi	Gitega	Africa	Eastern Africa	Africa	-3.5	30	27834	12332788	1	1	1	French;Kirundi	BIF	Burundian franc	Fr	COD;RWA;TZA	UTC+02:00	right	.bi	+2	57	Burundian	Burundian	🇧🇮	Low income	monday
KH	KHM	116	Cambodia	Kingdom of Cambodia	Phnom Penh	Asia	South-Eastern Asia	Asia	13	105	181035	17577760	0	1	1	Khmer	KHR	Cambodian riel	៛	LAO;THA;VNM	UTC+07:00	right	.kh	+8	55	Cambodian	Cambodian	🇰🇭	Lower middle income	monday
CM	CMR	120	Cameroon	Republic of Cameroon	Yaoundé	Africa	Middle Africa	Africa	6	12	475442	29442327	0	1	1	English;French	XAF	Central African CFA franc	Fr	CAF;TCD;COG;GNQ;GAB;NGA	UTC+01:00	right	.cm	+2	37	Cameroonian	Cameroonian	🇨🇲	Lower middle income	monday
CA	CAN	124	Canada	Canada	Ottawa	Americas	North America	North America	60	-95	9984670	41651653	0	1	1	English;French	CAD	Canadian dollar	$	USA	UTC-08:00;UTC-07:00;UTC-06:00;UTC-05:00;UTC-04:00;UTC-03:30	right	.ca	+1		Canadian	Canadian	🇨🇦	High income	sunday
CV	CPV	132	Cape Verde	Republic of Cabo Verde	Praia	Africa	Western Africa	Africa	16.5388	-23.0418	4033	491233	0	1	1	Portuguese	CVE	Cape Verdean escudo	Esc		UTC-01:00	right	.cv	+2	38	Cape Verdian	Cape Verdian	🇨🇻	Upper middle income	monday
CF	CAF	140	Central African Republic	Central African Republic	Bangui	Africa	Middle Africa	Africa	7	21	622984	6470307	1	1	1	French;Sango	XAF	Central African CFA franc	Fr	CMR;TCD;COD;COG;SSD;SDN	UTC+01:00	right	.cf	+2	36	Central African	Central African	🇨🇫	Low income	monday
TD	TCD	148	Chad	Republic of Chad	N'Djamena	Africa	Middle Africa	Africa	15	19	1284000	19340757	1	1	1	Arabic;French	XAF	Central African CFA franc	Fr	CMR;CAF;LBY;NER;NGA;SDN	UTC+01:00	right	.td	+2	35	Chadian	Chadian	🇹🇩	Low income	monday
CL	CHL	152	Chile	Republic of Chile	Santiago	Americas	South America	South America	-30	-71	756102	20206953	0	1	1	Spanish	CLP	Chilean peso	$	ARG;BOL;PER	UTC-06:00;UTC-04:00	right	.cl	+5	6	Chilean	Chilean	🇨🇱	High income	monday
CN	CHN	156	China	People's Republic of China	Beijing	Asia	Eastern Asia	Asia	35	105	9706961	1408280000	0	1	1	Chinese	CNY	Chinese yuan	¥	AFG;BTN;MMR;HKG;IND;KAZ;NPL;PRK;KGZ;LAO;MAC;MNG;PAK;RUS;TJK;VNM	UTC+08:00	right	.cn	+8	6	Chinese	Chinese	🇨🇳	Upper middle income	monday
CO	COL	170	Colombia	Republic of Colombia	Bogotá	Americas	South America	South America	4	-72	1141748	53057212	0	1	1	Spanish	COP	Colombian peso	$	BRA;ECU;PAN;PER;VEN	UTC-05:00	right	.co	+5	7	Colombian	Colombian	🇨🇴	Upper middle income	monday
KM	COM	174	Comoros	Union of the Comoros	Moroni	Africa	Eastern Africa	Africa	-12.16666666	44.25	1862	919901	0	1	1	Arabic;Comorian;French	KMF	Comorian franc	Fr		UTC+03:00	right	.km	+2	69	Comoran	Comoran	🇰🇲	Lower middle income	monday
CG	COG	178	Congo	Republic of the Congo	Brazzaville	Africa	Middle Africa	Africa	-1	15	342000	6142180	0	1	1	French;Kikongo;Lingala	XAF	Central African CFA franc	Fr	AGO;CMR;CAF;COD;GAB	UTC+01:00	right	.cg	+2	42	Congolese	Congolese	🇨🇬	Lower middle income	monday
CR	CRI	188	Costa Rica	Republic of Costa Rica	San José	Americas	Central America	North America	10	-84	51100	5309625	0	1	1	Spanish	CRC	Costa Rican colón	₡	NIC;PAN	UTC-06:00	right	.cr	+5	06	Costa Rican	Costa Rican	🇨🇷	High income	monday
HR	HRV	191	Croatia	Republic of Croatia	Zagreb	Europe	Southeast Europe	Europe	45.16666666	15.5	56594	3866233	0	1	1	Croatian	EUR	euro	€	BIH;HUN;MNE;SRB;SVN	UTC+01:00	right	.hr	+3	85	Croatian	Croatian	🇭🇷	High income	monday
CU	CUB	192	Cuba	Republic of Cuba	Havana	Americas	Caribbean	North America	21.5	-80	109884	9748007	0	1	1	Spanish	CUC	Cuban convertible peso	$		UTC-05:00	right	.cu	+5	3	Cuban	Cuban	🇨🇺	Upper middle income	monday
CY	CYP	196	Cyprus	Republic of Cyprus	Nicosia	Europe	Southern Europe	Europe	35	33	9251	1442614	0	1	1	Greek;Turkish	EUR	euro	€		UTC+02:00	left	.cy	+3	57	Cypriot	Cypriot	🇨🇾	High income	monday
CZ	CZE	203	Czechia	Czech Republic	Prague	Europe	Central Europe	Europe	49.75	15.5	78865	10882341	1	1	1	Czech;Slovak	CZK	Czech koruna	Kč	AUT;DEU;POL;SVK	UTC+01:00	right	.cz	+4	20	Czech	Czech	🇨🇿	High income	monday
CD	COD	180	DR Congo	Democratic Republic of the Congo	Kinshasa	Africa	Middle Africa	Africa	0	25	2344858	112832000	0	1	1	French;Kikongo;Lingala;Swahili;Tshiluba	CDF	Congolese franc	FC	AGO;BDI;CAF;COG;RWA;SSD;TZA;UGA;ZMB	UTC+01:00;UTC+02:00	right	.cd	+2	43	Congolese	Congolese	🇨🇩	Low income	monday
DK	DNK	208	Denmark	Kingdom of Denmark	Copenhagen	Europe	Northern Europe	Europe	56	10	43094	6011488	0	1	1	Danish	DKK	Danish krone	kr	DEU	UTC-04:00;UTC-03:00;UTC-01:00;UTC;UTC+01:00	right	.dk	+4	5	Danish	Danish	🇩🇰	High income	monday
DJ	DJI	262	Djibouti	Republic of Djibouti	Djibouti	Africa	Eastern Africa	Africa	11.5	43	23200	1066809	0	1	1	Arabic;French	DJF	Djiboutian franc	Fr	ERI;ETH;SOM	UTC+03:00	right	.dj	+2	53	Djibouti	Djibouti	🇩🇯	Lower middle income	monday
DM	DMA	212	Dominica	Commonwealth of Dominica	Roseau	Americas	Caribbean	North America	15.41666666	-61.33333333	751	67408	0	1	1	English	XCD	Eastern Caribbean dollar	$		UTC-04:00	left	.dm	+1	767	Dominican	Dominican	🇩🇲	Upper middle income	monday
DO	DOM	214	Dominican Republic	Dominican Republic	Santo Domingo	Americas	Caribbean	North America	19	-70.66666666	48671	10771504	0	1	1	Spanish	DOP	Dominican peso	$	HTI	UTC-04:00	right	.do	+1	809	Dominican	Dominican	🇩🇴	Upper middle income	monday
EC	ECU	218	Ecuador	Republic of Ecuador	Quito	Americas	South America	South America	-2	-77.5	276841	18103660	0	1	1	Spanish	USD	United States dollar	$	COL;PER	UTC-06:00;UTC-05:00	right	.ec	+5	93	Ecuadorean	Ecuadorean	🇪🇨	Upper middle income	monday
EG	EGY	818	Egypt	Arab Republic of Egypt	Cairo	Africa	Northern Africa	Africa	27	30	1002450	107271260	0	1	1	Arabic	EGP	Egyptian pound	£	ISR;LBY;PSE;SDN	UTC+02:00	right	.eg	+2	0	Egyptian	Egyptian	🇪🇬	Lower middle income	sunday
SV	SLV	222	El Salvador	Republic of El Salvador	San Salvador	Americas	Central America	North America	13.83333333	-88.91666666	21041	6029976	0	1	1	Spanish	USD	United States dollar	$	GTM;HND	UTC-06:00	right	.sv	+5	03	Salvadoran	Salvadoran	🇸🇻	Upper middle income	monday
GQ	GNQ	226	Equatorial Guinea	Republic of Equatorial Guinea	Ciudad de la Paz	Africa	Middle Africa	Africa	2	10	28051	1668768	0	1	1	French;Portuguese;Spanish	XAF	Central African CFA franc	Fr	CMR;GAB	UTC+01:00	right	.gq	+2	40	Equatorial Guinean	Equatorial Guinean	🇬🇶	Upper middle income	monday
ER	ERI	232	Eritrea	State of Eritrea	Asmara	Africa	Eastern Africa	Africa	15	39	117600	3607000	0	1	1	Arabic;English;Tigrinya	ERN	Eritrean nakfa	Nfk	DJI;ETH;SDN	UTC+03:00	right	.er	+2	91	Eritrean	Eritrean	🇪🇷	Low income	monday
EE	EST	233	Estonia	Republic of Estonia	Tallinn	Europe	Northern Europe	Europe	59	26	45227	1369995	0	1	1	Estonian	EUR	euro	€	LVA;RUS	UTC+02:00	right	.ee	+3	72	Estonian	Estonian	🇪🇪	High income	monday
SZ	SWZ	748	Eswatini	Kingdom of Eswatini	Mbabane	Africa	Southern Africa	Africa	-26.5	31.5	17364	1235549	1	1	1	English;Swazi	SZL	Swazi lilangeni	L	MOZ;ZAF	UTC+02:00	left	.sz	+2	68	Swazi	Swazi	🇸🇿	Lower middle income	monday
ET	ETH	231	Ethiopia	Federal Democratic Republic of Ethiopia	Addis Ababa	Africa	Eastern Africa	Africa	8	38	1104300	111652998	1	1	1	Amharic	ETB	Ethiopian birr	Br	DJI;ERI;KEN;SOM;SSD;SDN	UTC+03:00	right	.et	+2	51	Ethiopian	Ethiopian	🇪🇹	Not classified	monday
FJ	FJI	242	Fiji	Republic of Fiji	Suva	Oceania	Melanesia	Oceania	-17.7134	178.065	18272	900869	0	1	1	English;Fiji Hindi;Fijian	FJD	Fijian dollar	$		UTC+12:00	left	.fj	+6	79	Fijian	Fijian	🇫🇯	Upper middle income	monday
FI	FIN	246	Finland	Republic of Finland	Helsinki	Europe	Northern Europe	Europe	64	26	338424	5650325	0	1	1	Finnish;Swedish	EUR	euro	€	NOR;SWE;RUS	UTC+02:00	right	.fi	+3	58	Finnish	Finnish	🇫🇮	High income	monday
FR	FRA	250	France	French Republic	Paris	Europe	Western Europe	Europe	46	2	551695	66351959	0	1	1	French	EUR	euro	€	AND;BEL;DEU;ITA;LUX;MCO;ESP;CHE	UTC-10:00;UTC-09:30;UTC-09:00;UTC-08:00;UTC-04:00;UTC-03:00;UTC+01:00;UTC+02:00;UTC+03:00;UTC+04:00;UTC+05:00;UTC+10:00;UTC+11:00;UTC+12:00	right	.fr	+3	3	French	French	🇫🇷	High income	monday
GA	GAB	266	Gabon	Gabonese Republic	Libreville	Africa	Middle Africa	Africa	-1	11.75	267668	2469296	0	1	1	French	XAF	Central African CFA franc	Fr	CMR;COG;GNQ	UTC+01:00	right	.ga	+2	41	Gabonese	Gabonese	🇬🇦	Upper middle income	monday
GM	GMB	270	Gambia	Republic of the Gambia	Banjul	Africa	Western Africa	Africa	13.46666666	-16.56666666	10689	2422712	0	1	1	English	GMD	dalasi	D	SEN	UTC+00:00	right	.gm	+2	20	Gambian	Gambian	🇬🇲	Low income	monday
GE	GEO	268	Georgia	Georgia	Tbilisi	Asia	Western Asia	Asia	42	43.5	69700	4000921	0	1	1	Georgian	GEL	lari	₾	ARM;AZE;RUS;TUR	UTC+04:00	right	.ge	+9	95	Georgian	Georgian	🇬🇪	Upper middle income	monday
DE	DEU	276	Germany	Federal Republic of Germany	Berlin	Europe	Western Europe	Europe	51	9	357114	83491249	0	1	1	German	EUR	euro	€	AUT;BEL;CZE;DNK;FRA;LUX;NLD;POL;CHE	UTC+01:00	right	.de	+4	9	German	German	🇩🇪	High income	monday
GH	GHA	288	Ghana	Republic of Ghana	Accra	Africa	Western Africa	Africa	8	-2	238533	33742380	0	1	1	English	GHS	Ghanaian cedi	₵	BFA;CIV;TGO	UTC	right	.gh	+2	33	Ghanaian	Ghanaian	🇬🇭	Lower middle income	monday
GR	GRC	300	Greece	Hellenic Republic	Athens	Europe	Southern Europe	Europe	39	22	131990	10400720	0	1	1	Greek	EUR	euro	€	ALB;BGR;TUR;MKD	UTC+02:00	right	.gr	+3	0	Greek	Greek	🇬🇷	High income	monday
GD	GRD	308	Grenada	Grenada	St. George's	Americas	Caribbean	North America	12.11666666	-61.66666666	344	109021	0	1	1	English	XCD	Eastern Caribbean dollar	$		UTC-04:00	left	.gd	+1	473	Grenadian	Grenadian	🇬🇩	Upper middle income	monday
GT	GTM	320	Guatemala	Republic of Guatemala	Guatemala City	Americas	Central America	North America	15.5	-90.25	108889	18079810	0	1	1	Spanish	GTQ	Guatemalan quetzal	Q	BLZ;SLV;HND;MEX	UTC-06:00	right	.gt	+5	02	Guatemalan	Guatemalan	🇬🇹	Upper middle income	monday
GN	GIN	324	Guinea	Republic of Guinea	Conakry	Africa	Western Africa	Africa	11	-10	245857	14363931	0	1	1	French	GNF	Guinean franc	Fr	CIV;GNB;LBR;MLI;SEN;SLE	UTC	right	.gn	+2	24	Guinean	Guinean	🇬🇳	Lower middle income	monday
GW	GNB	624	Guinea-Bissau	Republic of Guinea-Bissau	Bissau	Africa	Western Africa	Africa	12	-15	36125	1781308	0	1	1	Portuguese;Upper Guinea Creole	XOF	West African CFA franc	Fr	GIN;SEN	UTC	right	.gw	+2	45	Guinea-Bissauan	Guinea-Bissauan	🇬🇼	Low income	monday
GY	GUY	328	Guyana	Co-operative Republic of Guyana	Georgetown	Americas	South America	South America	5	-59	214969	772975	0	1	1	English	GYD	Guyanese dollar	$	BRA;SUR;VEN	UTC-04:00	left	.gy	+5	92	Guyanese	Guyanese	🇬🇾	High income	monday
HT	HTI	332	Haiti	Republic of Haiti	Port-au-Prince	Americas	Caribbean	North America	19	-72.41666666	27750	11867032	0	1	1	French;Haitian Creole	HTG	Haitian gourde	G	DOM	UTC-05:00	right	.ht	+5	09	Haitian	Haitian	🇭🇹	Lower middle income	monday
HN	HND	340	Honduras	Republic of Honduras	Tegucigalpa	Americas	Central America	North America	15	-86.5	112492	9892632	0	1	1	Spanish	HNL	Honduran lempira	L	GTM;SLV;NIC	UTC-06:00	right	.hn	+5	04	Honduran	Honduran	🇭🇳	Lower middle income	monday
HU	HUN	348	Hungary	Hungary	Budapest	Europe	Central Europe	Europe	47	20	93028	9539502	1	1	1	Hungarian	HUF	Hungarian forint	Ft	AUT;HRV;ROU;SRB;SVK;SVN;UKR	UTC+01:00	right	.hu	+3	6	Hungarian	Hungarian	🇭🇺	High income	monday
IS	ISL	352	Iceland	Iceland	Reykjavik	Europe	Northern Europe	Europe	65	-18	103000	391810	0	1	1	Icelandic	ISK	Icelandic króna	kr		UTC	right	.is	+3	54	Icelander	Icelander	🇮🇸	High income	monday
IN	IND	356	India	Republic of India	New Delhi	Asia	Southern Asia	Asia	20	77	3287590	1417492000	0	1	1	English;Hindi;Tamil	INR	Indian rupee	₹	BGD;BTN;MMR;CHN;NPL;PAK	UTC+05:30	left	.in	+9	1	Indian	Indian	🇮🇳	Lower middle income	monday
ID	IDN	360	Indonesia	Republic of Indonesia	Jakarta	Asia	South-Eastern Asia	Asia	-5	120	1904569	284438782	0	1	1	Indonesian	IDR	Indonesian rupiah	Rp	TLS;MYS;PNG	UTC+07:00;UTC+08:00;UTC+09:00	left	.id	+6	2	Indonesian	Indonesian	🇮🇩	Upper middle income	monday
IR	IRN	364	Iran	Islamic Republic of Iran	Tehran	Asia	Southern Asia	Asia	32	53	1648195	85961000	0	1	1	Persian (Farsi)	IRR	Iranian rial	﷼	AFG;ARM;AZE;IRQ;PAK;TUR;TKM	UTC+03:30	right	.ir	+9	8	Iranian	Iranian	🇮🇷	Upper middle income	saturday
IQ	IRQ	368	Iraq	Republic of Iraq	Baghdad	Asia	Western Asia	Asia	33	44	438317	46118793	0	1	1	Arabic;Aramaic;Sorani	IQD	Iraqi dinar	ع.د	IRN;JOR;KWT;SAU;SYR;TUR	UTC+03:00	right	.iq	+9	64	Iraqi	Iraqi	🇮🇶	Upper middle income	sunday
IE	IRL	372	Ireland	Republic of Ireland	Dublin	Europe	Northern Europe	Europe	53	-8	70273	5458600	0	1	1	English;Irish	EUR	euro	€	GBR	UTC	left	.ie	+3	53	Irish	Irish	🇮🇪	High income	monday
IL	ISR	376	Israel	State of Israel	Jerusalem	Asia	Western Asia	Asia	31.47	35.13	20770	10134800	0	1	1	Arabic;Hebrew	ILS	Israeli new shekel	₪	EGY;JOR;LBN;PSE;SYR	UTC+02:00	right	.il	+9	72	Israeli	Israeli	🇮🇱	High income	sunday
IT	ITA	380	Italy	Italian Republic	Rome	Europe	Southern Europe	Europe	42.83333333	12.83333333	301336	58927633	0	1	1	Catalan;Italian	EUR	euro	€	AUT;FRA;SMR;SVN;CHE;VAT	UTC+01:00	right	.it	+3	9	Italian	Italian	🇮🇹	High income	monday
CI	CIV	384	Ivory Coast	Republic of Côte d'Ivoire	Yamoussoukro	Africa	Western Africa	Africa	8	-5	322463	31719275	0	1	1	French	XOF	West African CFA franc	Fr	BFA;GHA;GIN;LBR;MLI	UTC	right	.ci	+2	25	Ivorian	Ivorian	🇨🇮	Lower middle income	monday
JM	JAM	388	Jamaica	Jamaica	Kingston	Americas	Caribbean	North America	18.25	-77.5	10991	2825544	0	1	1	English;Jamaican Patois	JMD	Jamaican dollar	$		UTC-05:00	left	.jm	+1	876	Jamaican	Jamaican	🇯🇲	Upper middle income	monday
JP	JPN	392	Japan	Japan	Tokyo	Asia	Eastern Asia	Asia	36	138	377930	123210000	0	1	1	Japanese	JPY	Japanese yen	¥		UTC+09:00	left	.jp	+8	1	Japanese	Japanese	🇯🇵	High income	monday
JO	JOR	400	Jordan	Hashemite Kingdom of Jordan	Amman	Asia	Western Asia	Asia	31	36	89342	11734000	0	1	1	Arabic	JOD	Jordanian dinar	د.ا	IRQ;ISR;PSE;SAU;SYR	UTC+03:00	right	.jo	+9	62	Jordanian	Jordanian	🇯🇴	Lower middle income	sunday
KZ	KAZ	398	Kazakhstan	Republic of Kazakhstan	Astana	Asia	Central Asia	Asia	48.0196	66.9237	2724900	20426568	1	1	1	Kazakh;Russian	KZT	Kazakhstani tenge	₸	CHN;KGZ;RUS;TKM;UZB	UTC+05:00;UTC+06:00	right	.kz	+7	6	Kazakhstani	Kazakhstani	🇰🇿	Upper middle income	monday
KE	KEN	404	Kenya	Republic of Kenya	Nairobi	Africa	Eastern Africa	Africa	1	38	580367	53330978	0	1	1	English;Swahili	KES	Kenyan shilling	Sh	ETH;SOM;SSD;TZA;UGA	UTC+03:00	left	.ke	+2	54	Kenyan	Kenyan	🇰🇪	Lower middle income	monday
KI	KIR	296	Kiribati	Independent and Sovereign Republic of Kiribati	South Tarawa	Oceania	Micronesia	Oceania	1.41666666	173	811	120740	0	1	1	English;Gilbertese	AUD	Australian dollar	$		UTC+12:00;UTC+13:00;UTC+14:00	left	.ki	+6	86	I-Kiribati	I-Kiribati	🇰🇮	Lower middle income	monday
XK	UNK		Kosovo	Republic of Kosovo	Pristina	Europe	Southeast Europe	Europe	42.666667	21.166667	10908	1585566	1	1	0	Albanian;Serbian	EUR	euro	€	ALB;MKD;MNE;SRB	UTC+01:00	right	.xk	+3	83	Kosovar	Kosovar	🇽🇰		monday
KW	KWT	414	Kuwait	State of Kuwait	Kuwait City	Asia	Western Asia	Asia	29.5	45.75	17818	4881254	0	1	1	Arabic	KWD	Kuwaiti dinar	د.ك	IRQ;SAU	UTC+03:00	right	.kw	+9	65	Kuwaiti	Kuwaiti	🇰🇼	High income	sunday
KG	KGZ	417	Kyrgyzstan	Kyrgyz Republic	Bishkek	Asia	Central Asia	Asia	41	75	199951	7281800	1	1	1	Kyrgyz;Russian	KGS	Kyrgyzstani som	с	CHN;KAZ;TJK;UZB	UTC+06:00	right	.kg	+9	96	Kirghiz	Kirghiz	🇰🇬	Lower middle income	monday
LA	LAO	418	Laos	Lao People's Democratic Republic	Vientiane	Asia	South-Eastern Asia	Asia	18	105	236800	7647000	1	1	1	Lao	LAK	Lao kip	₭	MMR;KHM;CHN;THA;VNM	UTC+07:00	right	.la	+8	56	Laotian	Laotian	🇱🇦	Lower middle income	monday
LV	LVA	428	Latvia	Republic of Latvia	Riga	Europe	Northern Europe	Europe	57	25	64559	1829000	0	1	1	Latvian	EUR	euro	€	BLR;EST;LTU;RUS	UTC+02:00	right	.lv	+3	71	Latvian	Latvian	🇱🇻	High income	monday
LB	LBN	422	Lebanon	Lebanese Republic	Beirut	Asia	Western Asia	Asia	33.83333333	35.83333333	10452	5490000	0	1	1	Arabic;French	LBP	Lebanese pound	ل.ل	ISR;SYR	UTC+02:00	right	.lb	+9	61	Lebanese	Lebanese	🇱🇧	Lower middle income	monday
LS	LSO	426	Lesotho	Kingdom of Lesotho	Maseru	Africa	Southern Africa	Africa	-29.5	28.5	30355	2116427	1	1	1	English;Sotho	LSL	Lesotho loti	L	ZAF	UTC+02:00	left	.ls	+2	66	Mosotho	Mosotho	🇱🇸	Lower middle income	monday
LR	LBR	430	Liberia	Republic of Liberia	Monrovia	Africa	Western Africa	Africa	6.5	-9.5	111369	5248621	0	1	1	English	LRD	Liberian dollar	$	GIN;CIV;SLE	UTC	right	.lr	+2	31	Liberian	Liberian	🇱🇷	Low income	monday
LY	LBY	434	Libya	State of Libya	Tripoli	Africa	Northern Africa	Africa	25	17	1759540	7459000	0	1	1	Arabic	LYD	Libyan dinar	ل.د	DZA;TCD;EGY;NER;SDN;TUN	UTC+01:00	right	.ly	+2	18	Libyan	Libyan	🇱🇾	Upper middle income	sunday
LI	LIE	438	Liechtenstein	Principality of Liechtenstein	Vaduz	Europe	Western Europe	Europe	47.26666666	9.53333333	160	40900	1	1	1	German	CHF	Swiss franc	Fr	AUT;CHE	UTC+01:00	right	.li	+4	23	Liechtensteiner	Liechtensteiner	🇱🇮	High income	monday
LT	LTU	440	Lithuania	Republic of Lithuania	Vilnius	Europe	Northern Europe	Europe	56	24	65300	2894886	0	1	1	Lithuanian	EUR	euro	€	BLR;LVA;POL;RUS	UTC+02:00	right	.lt	+3	70	Lithuanian	Lithuanian	🇱🇹	High income	monday
LU	LUX	442	Luxembourg	Grand Duchy of Luxembourg	Luxembourg	Europe	Western Europe	Europe	49.75	6.16666666	2586	681973	1	1	1	French;German;Luxembourgish	EUR	euro	€	BEL;FRA;DEU	UTC+01:00	right	.lu	+3	52	Luxembourger	Luxembourger	🇱🇺	High income	monday
MG	MDG	450	Madagascar	Republic of Madagascar	Antananarivo	Africa	Eastern Africa	Africa	-20	47	587041	31727042	0	1	1	French;Malagasy	MGA	Malagasy ariary	Ar		UTC+03:00	right	.mg	+2	61	Malagasy	Malagasy	🇲🇬	Low income	monday
MW	MWI	454	Malawi	Republic of Malawi	Lilongwe	Africa	Eastern Africa	Africa	-13.5	34	118484	20734262	1	1	1	Chewa;English	MWK	Malawian kwacha	MK	MOZ;TZA;ZMB	UTC+02:00	left	.mw	+2	65	Malawian	Malawian	🇲🇼	Low income	monday
MY	MYS	458	Malaysia	Malaysia	Kuala Lumpur	Asia	South-Eastern Asia	Asia	2.5	112.5	330803	34231700	0	1	1	English;Malay	MYR	Malaysian ringgit	RM	BRN;IDN;THA	UTC+08:00	left	.my	+6	0	Malaysian	Malaysian	🇲🇾	Upper middle income	sunday
MV	MDV	462	Maldives	Republic of the Maldives	Malé	Asia	Southern Asia	Asia	3.25	73	300	515132	0	1	1	Maldivian	MVR	Maldivian rufiyaa	.ރ		UTC+05:00	left	.mv	+9	60	Maldivan	Maldivan	🇲🇻	Upper middle income	sunday
ML	MLI	466	Mali	Republic of Mali	Bamako	Africa	Western Africa	Africa	17	-4	1240192	22395489	1	1	1	French	XOF	West African CFA franc	Fr	DZA;BFA;GIN;CIV;MRT;NER;SEN	UTC	right	.ml	+2	23	Malian	Malian	🇲🇱	Low income	monday
MT	MLT	470	Malta	Republic of Malta	Valletta	Europe	Southern Europe	Europe	35.9375	14.3754	316	574250	0	1	1	English;Maltese	EUR	euro	€		UTC+01:00	left	.mt	+3	56	Maltese	Maltese	🇲🇹	High income	monday
MH	MHL	584	Marshall Islands	Republic of the Marshall Islands	Majuro	Oceania	Micronesia	Oceania	9	168	181	42418	0	1	1	English;Marshallese	USD	United States dollar	$		UTC+12:00	right	.mh	+6	92	Marshallese	Marshallese	🇲🇭	Upper middle income	monday
MR	MRT	478	Mauritania	Islamic Republic of Mauritania	Nouakchott	Africa	Western Africa	Africa	20	-12	1030700	4927532	0	1	1	Arabic	MRU	Mauritanian ouguiya	UM	DZA;MLI;SEN;ESH	UTC	right	.mr	+2	22	Mauritanian	Mauritanian	🇲🇷	Lower middle income	monday
MU	MUS	480	Mauritius	Republic of Mauritius	Port Louis	Africa	Eastern Africa	Africa	-20.28333333	57.55	2040	1243741	0	1	1	English;French;Mauritian Creole	MUR	Mauritian rupee	₨		UTC+04:00	left	.mu	+2	30	Mauritian	Mauritian	🇲🇺	Upper middle income	monday
MX	MEX	484	Mexico	United Mexican States	Mexico City	Americas	North America	North America	23	-102	1964375	130575786	0	1	1	Spanish	MXN	Mexican peso	$	BLZ;GTM;USA	UTC-08:00;UTC-07:00;UTC-06:00	right	.mx	+5	2	Mexican	Mexican	🇲🇽	Upper middle income	monday
FM	FSM	583	Micronesia	Federated States of Micronesia	Palikir	Oceania	Micronesia	Oceania	6.91666666	158.25	702	105564	0	1	1	English	USD	United States dollar	$		UTC+10:00;UTC+11:00	right	.fm	+6	91	Micronesian	Micronesian	🇫🇲	Lower middle income	monday
MD	MDA	498	Moldova	Republic of Moldova	Chișinău	Europe	Eastern Europe	Europe	47	29	33846	2749076	1	1	1	Romanian	MDL	Moldovan leu	L	ROU;UKR	UTC+02:00	right	.md	+3	73	Moldovan	Moldovan	🇲🇩	Upper middle income	monday
MC	MCO	492	Monaco	Principality of Monaco	Monaco	Europe	Western Europe	Europe	43.73333333	7.4	2	38423	0	1	1	French	EUR	euro	€	FRA	UTC+01:00	right	.mc	+3	77	Monegasque	Monegasque	🇲🇨	High income	monday
MN	MNG	496	Mongolia	Mongolia	Ulan Bator	Asia	Eastern Asia	Asia	46	105	1564110	3544835	1	1	1	Mongolian	MNT	Mongolian tögrög	₮	CHN;RUS	UTC+07:00;UTC+08:00	right	.mn	+9	76	Mongolian	Mongolian	🇲🇳	Upper middle income	monday
ME	MNE	499	Montenegro	Montenegro	Podgorica	Europe	Southeast Europe	Europe	42.5	19.3	13812	623327	0	1	1	Montenegrin	EUR	euro	€	ALB;BIH;HRV;UNK;SRB	UTC+01:00	right	.me	+3	82	Montenegrin	Montenegrin	🇲🇪	Upper middle income	monday
MA	MAR	504	Morocco	Kingdom of Morocco	Rabat	Africa	Northern Africa	Africa	32	-5	446550	36828330	0	1	1	Arabic;Berber	MAD	Moroccan dirham	د.م.	DZA;ESH;ESP	UTC	right	.ma	+2	12	Moroccan	Moroccan	🇲🇦	Lower middle income	monday
MZ	MOZ	508	Mozambique	Republic of Mozambique	Maputo	Africa	Eastern Africa	Africa	-18.25	35	801590	34090466	0	1	1	Portuguese	MZN	Mozambican metical	MT	MWI;ZAF;SWZ;TZA;ZMB;ZWE	UTC+02:00	left	.mz	+2	58	Mozambican	Mozambican	🇲🇿	Low income	monday
MM	MMR	104	Myanmar	Republic of the Union of Myanmar	Naypyidaw	Asia	South-Eastern Asia	Asia	22	98	676578	51316756	0	1	1	Burmese	MMK	Burmese kyat	Ks	BGD;CHN;IND;LAO;THA	UTC+06:30	right	.mm	+9	5	Burmese	Burmese	🇲🇲	Lower middle income	monday
NA	NAM	516	Namibia	Republic of Namibia	Windhoek	Africa	Southern Africa	Africa	-22	17	825615	3022401	0	1	1	Afrikaans;English;German;Herero;Khoekhoe;Kwangali;Lozi;Ndonga;Tswana	NAD	Namibian dollar	$	AGO;BWA;ZAF;ZMB	UTC+01:00	left	.na	+2	64	Namibian	Namibian	🇳🇦	Lower middle income	monday
NR	NRU	520	Nauru	Republic of Nauru	Yaren	Oceania	Micronesia	Oceania	-0.53333333	166.91666666	21	11680	0	1	1	English;Nauru	AUD	Australian dollar	$		UTC+12:00	left	.nr	+6	74	Nauruan	Nauruan	🇳🇷	High income	monday
NP	NPL	524	Nepal	Federal Democratic Republic of Nepal	Kathmandu	Asia	Southern Asia	Asia	28	84	147181	29911840	1	1	1	Nepali	NPR	Nepalese rupee	₨	CHN;IND	UTC+05:45	left	.np	+9	77	Nepalese	Nepalese	🇳🇵	Lower middle income	sunday
NL	NLD	528	Netherlands	Kingdom of the Netherlands	Amsterdam	Europe	Western Europe	Europe	52.5	5.75	41850	18100436	0	1	1	Dutch	EUR	euro	€	BEL;DEU	UTC+01:00	right	.nl	+3	1	Dutch	Dutch	🇳🇱	High income	monday
NZ	NZL	554	New Zealand	New Zealand	Wellington	Oceania	Australia and New Zealand	Oceania	-41	174	270467	5324700	0	1	1	English;Māori;New Zealand Sign Language	NZD	New Zealand dollar	$		UTC-11:00;UTC-10:00;UTC+12:00;UTC+12:45;UTC+13:00	left	.nz	+6	4	New Zealander	New Zealander	🇳🇿	High income	monday
NI	NIC	558	Nicaragua	Republic of Nicaragua	Managua	Americas	Central America	North America	13	-85	130373	6803886	0	1	1	Spanish	NIO	Nicaraguan córdoba	C$	CRI;HND	UTC-06:00	right	.ni	+5	05	Nicaraguan	Nicaraguan	🇳🇮	Lower middle income	monday
NE	NER	562	Niger	Republic of Niger	Niamey	Africa	Western Africa	Africa	16	8	1267000	26312034	1	1	1	French	XOF	West African CFA franc	Fr	DZA;BEN;BFA;TCD;LBY;MLI;NGA	UTC+01:00	right	.ne	+2	27	Nigerien	Nigerien	🇳🇪	Low income	monday
NG	NGA	566	Nigeria	Federal Republic of Nigeria	Abuja	Africa	Western Africa	Africa	10	8	923768	223800000	0	1	1	English	NGN	Nigerian naira	₦	BEN;CMR;TCD;NER	UTC+01:00	right	.ng	+2	34	Nigerian	Nigerian	🇳🇬	Lower middle income	monday
KP	PRK	408	North Korea	Democratic People's Republic of Korea	Pyongyang	Asia	Eastern Asia	Asia	40	127	120538	25950000	0	1	1	Korean	KPW	North Korean won	₩	CHN;KOR;RUS	UTC+09:00	right	.kp	+8	50	North Korean	North Korean	🇰🇵	Low income	monday
MK	MKD	807	North Macedonia	Republic of North Macedonia	Skopje	Europe	Southeast Europe	Europe	41.83333333	22	25713	1822612	1	1	1	Macedonian	MKD	denar	den	ALB;BGR;GRC;UNK;SRB	UTC+01:00	right	.mk	+3	89	Macedonian	Macedonian	🇲🇰	Upper middle income	monday
NO	NOR	578	Norway	Kingdom of Norway	Oslo	Europe	Northern Europe	Europe	62	10	323802	5606944	0	1	1	Norwegian Bokmål;Norwegian Nynorsk;Sami	NOK	Norwegian krone	kr	FIN;SWE;RUS	UTC+01:00	right	.no	+4	7	Norwegian	Norwegian	🇳🇴	High income	monday
OM	OMN	512	Oman	Sultanate of Oman	Muscat	Asia	Western Asia	Asia	21	57	309500	5343630	0	1	1	Arabic	OMR	Omani rial	ر.ع.	SAU;ARE;YEM	UTC+04:00	right	.om	+9	68	Omani	Omani	🇴🇲	High income	sunday
PK	PAK	586	Pakistan	Islamic Republic of Pakistan	Islamabad	Asia	Southern Asia	Asia	30	70	881912	241499431	0	1	1	English;Urdu	PKR	Pakistani rupee	₨	AFG;CHN;IND;IRN	UTC+05:00	left	.pk	+9	2	Pakistani	Pakistani	🇵🇰	Lower middle income	monday
PW	PLW	585	Palau	Republic of Palau	Ngerulmud	Oceania	Micronesia	Oceania	7.5	134.5	459	16733	0	1	1	English;Palauan	USD	United States dollar	$		UTC+09:00	right	.pw	+6	80	Palauan	Palauan	🇵🇼	High income	monday
PA	PAN	591	Panama	Republic of Panama	Panama City	Americas	Central America	North America	9	-80	75417	4064780	0	1	1	Spanish	PAB	Panamanian balboa	B/.	COL;CRI	UTC-05:00	right	.pa	+5	07	Panamanian	Panamanian	🇵🇦	High income	monday
PG	PNG	598	Papua New Guinea	Independent State of Papua New Guinea	Port Moresby	Oceania	Melanesia	Oceania	-6	147	462840	11781559	0	1	1	English;Hiri Motu;Tok Pisin	PGK	Papua New Guinean kina	K	IDN	UTC+10:00	left	.pg	+6	75	Papua New Guinean	Papua New Guinean	🇵🇬	Lower middle income	monday
PY	PRY	600	Paraguay	Republic of Paraguay	Asunción	Americas	South America	South America	-23	-58	406752	6109644	1	1	1	Guaraní;Spanish	PYG	Paraguayan guaraní	₲	ARG;BOL;BRA	UTC-04:00	right	.py	+5	95	Paraguayan	Paraguayan	🇵🇾	Upper middle income	monday
PE	PER	604	Peru	Republic of Peru	Lima	Americas	South America	South America	-10	-76	1285216	34350244	0	1	1	Aymara;Quechua;Spanish	PEN	Peruvian sol	S/ 	BOL;BRA;CHL;COL;ECU	UTC-05:00	right	.pe	+5	1	Peruvian	Peruvian	🇵🇪	Upper middle income	monday
PH	PHL	608	Philippines	Republic of the Philippines	Manila	Asia	South-Eastern Asia	Asia	13	122	342353	114123600	0	1	1	English;Filipino	PHP	Philippine peso	₱		UTC+08:00	right	.ph	+6	3	Filipino	Filipino	🇵🇭	Lower middle income	monday
PL	POL	616	Poland	Republic of Poland	Warsaw	Europe	Central Europe	Europe	52	20	312679	37392000	0	1	1	Polish	PLN	Polish złoty	zł	BLR;CZE;DEU;LTU;RUS;SVK;UKR	UTC+01:00	right	.pl	+4	8	Polish	Polish	🇵🇱	High income	monday
PT	PRT	620	Portugal	Portuguese Republic	Lisbon	Europe	Southern Europe	Europe	39.5	-8	92090	10749635	0	1	1	Portuguese	EUR	euro	€	ESP	UTC-01:00;UTC	right	.pt	+3	51	Portuguese	Portuguese	🇵🇹	High income	monday
QA	QAT	634	Qatar	State of Qatar	Doha	Asia	Western Asia	Asia	25.5	51.25	11586	3173024	0	1	1	Arabic	QAR	Qatari riyal	ر.ق	SAU	UTC+03:00	right	.qa	+9	74	Qatari	Qatari	🇶🇦	High income	sunday
RO	ROU	642	Romania	Romania	Bucharest	Europe	Southeast Europe	Europe	46	25	238391	19036031	0	1	1	Romanian	RON	Romanian leu	lei	BGR;HUN;MDA;SRB;UKR	UTC+02:00	right	.ro	+4	0	Romanian	Romanian	🇷🇴	High income	monday
RU	RUS	643	Russia	Russian Federation	Moscow	Europe	Eastern Europe	Europe;Asia	60	100	17098242	146028325	0	1	1	Russian	RUB	Russian ruble	₽	AZE;BLR;CHN;EST;FIN;GEO;KAZ;PRK;LVA;LTU;MNG;NOR;POL;UKR	UTC+03:00;UTC+04:00;UTC+06:00;UTC+07:00;UTC+08:00;UTC+09:00;UTC+10:00;UTC+11:00;UTC+12:00	right	.ru	+7	3	Russian	Russian	🇷🇺	High income	monday
RW	RWA	646	Rwanda	Republic of Rwanda	Kigali	Africa	Eastern Africa	Africa	-2	30	26338	14104969	1	1	1	English;French;Kinyarwanda	RWF	Rwandan franc	Fr	BDI;COD;TZA;UGA	UTC+02:00	right	.rw	+2	50	Rwandan	Rwandan	🇷🇼	Low income	monday
KN	KNA	659	Saint Kitts and Nevis	Federation of Saint Christopher and Nevis	Basseterre	Americas	Caribbean	North America	17.33333333	-62.75	261	51320	0	1	1	English	XCD	Eastern Caribbean dollar	$		UTC-04:00	left	.kn	+1	869	Kittitian or Nevisian	Kittitian or Nevisian	🇰🇳	High income	monday
LC	LCA	662	Saint Lucia	Saint Lucia	Castries	Americas	Caribbean	North America	13.88333333	-60.96666666	616	184100	0	1	1	English	XCD	Eastern Caribbean dollar	$		UTC-04:00	left	.lc	+1	758	Saint Lucian	Saint Lucian	🇱🇨	Upper middle income	monday
VC	VCT	670	Saint Vincent and the Grenadines	Saint Vincent and the Grenadines	Kingstown	Americas	Caribbean	North America	13.25	-61.2	389	110872	0	1	1	English	XCD	Eastern Caribbean dollar	$		UTC-04:00	left	.vc	+1	784	Saint Vincentian	Saint Vincentian	🇻🇨	Upper middle income	monday
WS	WSM	882	Samoa	Independent State of Samoa	Apia	Oceania	Polynesia	Oceania	-13.58333333	-172.33333333	2842	205557	0	1	1	English;Samoan	WST	Samoan tālā	T		UTC+13:00	left	.ws	+6	85	Samoan	Samoan	🇼🇸	Upper middle income	monday
SM	SMR	674	San Marino	Most Serene Republic of San Marino	City of San Marino	Europe	Southern Europe	Europe	43.76666666	12.41666666	61	34132	1	1	1	Italian	EUR	euro	€	ITA	UTC+01:00	right	.sm	+3	78	Sammarinese	Sammarinese	🇸🇲	High income	monday
SA	SAU	682	Saudi Arabia	Kingdom of Saudi Arabia	Riyadh	Asia	Western Asia	Asia	25	45	2149690	35300280	0	1	1	Arabic	SAR	Saudi riyal	ر.س	IRQ;JOR;KWT;OMN;QAT;ARE;YEM	UTC+03:00	right	.sa	+9	66	Saudi Arabian	Saudi Arabian	🇸🇦	High income	sunday
SN	SEN	686	Senegal	Republic of Senegal	Dakar	Africa	Western Africa	Africa	14	-14	196722	18593258	0	1	1	French	XOF	West African CFA franc	Fr	GMB;GIN;GNB;MLI;MRT	UTC	right	.sn	+2	21	Senegalese	Senegalese	🇸🇳	Lower middle income	monday
RS	SRB	688	Serbia	Republic of Serbia	Belgrade	Europe	Southeast Europe	Europe	44	21	88361	6567783	1	1	1	Serbian	RSD	Serbian dinar	дин.	BIH;BGR;HRV;HUN;UNK;MKD;MNE;ROU	UTC+01:00	right	.rs	+3	81	Serbian	Serbian	🇷🇸	Upper middle income	monday
SC	SYC	690	Seychelles	Republic of Seychelles	Victoria	Africa	Eastern Africa	Africa	-4.58333333	55.66666666	452	122729	0	1	1	English;French;Seychellois Creole	SCR	Seychellois rupee	₨		UTC+04:00	left	.sc	+2	48	Seychellois	Seychellois	🇸🇨	High income	monday
SL	SLE	694	Sierra Leone	Republic of Sierra Leone	Freetown	Africa	Western Africa	Africa	8.5	-11.5	71740	9077691	0	1	1	English	SLE	Leone	Le	GIN;LBR	UTC	right	.sl	+2	32	Sierra Leonean	Sierra Leonean	🇸🇱	Low income	monday
SG	SGP	702	Singapore	Republic of Singapore	Singapore	Asia	South-Eastern Asia	Asia	1.36666666	103.8	710	6110200	0	1	1	Chinese;English;Malay;Tamil	SGD	Singapore dollar	$		UTC+08:00	left	.sg	+6	5	Singaporean	Singaporean	🇸🇬	High income	monday
SK	SVK	703	Slovakia	Slovak Republic	Bratislava	Europe	Central Europe	Europe	48.66666666	19.5	49037	5413813	1	1	1	Slovak	EUR	euro	€	AUT;CZE;HUN;POL;UKR	UTC+01:00	right	.sk	+4	21	Slovak	Slovak	🇸🇰	High income	monday
SI	SVN	705	Slovenia	Republic of Slovenia	Ljubljana	Europe	Central Europe	Europe	46.11666666	14.81666666	20273	2130638	0	1	1	Slovene	EUR	euro	€	AUT;HRV;ITA;HUN	UTC+01:00	right	.si	+3	86	Slovene	Slovene	🇸🇮	High income	monday
SB	SLB	090	Solomon Islands	Solomon Islands	Honiara	Oceania	Melanesia	Oceania	-8	159	28896	750325	0	1	1	English	SBD	Solomon Islands dollar	$		UTC+11:00	left	.sb	+6	77	Solomon Islander	Solomon Islander	🇸🇧	Lower middle income	monday
SO	SOM	706	Somalia	Federal Republic of Somalia	Mogadishu	Africa	Eastern Africa	Africa	10	49	637657	19655000	0	1	1	Arabic;Somali	SOS	Somali shilling	Sh	DJI;ETH;KEN	UTC+03:00	right	.so	+2	52	Somali	Somali	🇸🇴	Low income	monday
ZA	ZAF	710	South Africa	Republic of South Africa	Pretoria;Bloemfontein;Cape Town	Africa	Southern Africa	Africa	-29	24	1221037	63100945	0	1	1	Afrikaans;English;Northern Sotho;Southern Ndebele;Southern Sotho;Swazi;Tsonga;Tswana;Venda;Xhosa;Zulu	ZAR	South African rand	R	BWA;LSO;MOZ;NAM;SWZ;ZWE	UTC+02:00	left	.za	+2	7	South African	South African	🇿🇦	Upper middle income	monday
KR	KOR	410	South Korea	Republic of Korea	Seoul	Asia	Eastern Asia	Asia	37	127.5	100210	51159889	0	1	1	Korean	KRW	South Korean won	₩	PRK	UTC+09:00	right	.kr	+8	2	South Korean	South Korean	🇰🇷	High income	monday
SS	SSD	728	South Sudan	Republic of South Sudan	Juba	Africa	Middle Africa	Africa	7	30	619745	15786898	1	1	1	English	SSP	South Sudanese pound	£	CAF;COD;ETH;KEN;SDN;UGA	UTC+03:00	right	.ss	+2	11	South Sudanese	South Sudanese	🇸🇸	Low income	sunday
ES	ESP	724	Spain	Kingdom of Spain	Madrid	Europe	Southern Europe	Europe	40	-4	505992	49315949	0	1	1	Basque;Catalan;Galician;Spanish	EUR	euro	€	AND;FRA;GIB;PRT;MAR	UTC;UTC+01:00	right	.es	+3	4	Spanish	Spanish	🇪🇸	High income	monday
LK	LKA	144	Sri Lanka	Democratic Socialist Republic of Sri Lanka	Sri Jayawardenepura Kotte	Asia	Southern Asia	Asia	7	81	65610	21763170	0	1	1	Sinhala;Tamil	LKR	Sri Lankan rupee	Rs  රු	IND	UTC+05:30	left	.lk	+9	4	Sri Lankan	Sri Lankan	🇱🇰	Lower middle income	monday
SD	SDN	729	Sudan	Republic of the Sudan	Khartoum	Africa	Northern Africa	Africa	15	30	1886068	51662000	0	1	1	Arabic;English	SDG	Sudanese pound	ج.س	CAF;TCD;EGY;ERI;ETH;LBY;SSD	UTC+03:00	right	.sd	+2	49	Sudanese	Sudanese	🇸🇩	Low income	monday
SR	SUR	740	Suriname	Republic of Suriname	Paramaribo	Americas	South America	South America	4	-56	163820	616500	0	1	1	Dutch	SRD	Surinamese dollar	$	BRA;GUF;GUY	UTC-03:00	left	.sr	+5	97	Surinamer	Surinamer	🇸🇷	Upper middle income	monday
SE	SWE	752	Sweden	Kingdom of Sweden	Stockholm	Europe	Northern Europe	Europe	62	15	450295	10605098	0	1	1	Swedish	SEK	Swedish krona	kr	FIN;NOR	UTC+01:00	right	.se	+4	6	Swedish	Swedish	🇸🇪	High income	monday
CH	CHE	756	Switzerland	Swiss Confederation	Bern	Europe	Western Europe	Europe	47	8	41284	9082848	1	1	1	French;Italian;Romansh;Swiss German	CHF	Swiss franc	Fr.	AUT;FRA;ITA;LIE;DEU	UTC+01:00	right	.ch	+4	1	Swiss	Swiss	🇨🇭	High income	monday
SY	SYR	760	Syria	Syrian Arab Republic	Damascus	Asia	Western Asia	Asia	35	38	185180	25620000	0	1	1	Arabic	SYP	Syrian pound	£	IRQ;ISR;JOR;LBN;TUR	UTC+02:00	right	.sy	+9	63	Syrian	Syrian	🇸🇾	Low income	monday
ST	STP	678	São Tomé and Príncipe	Democratic Republic of São Tomé and Príncipe	São Tomé	Africa	Middle Africa	Africa	1	7	964	209607	0	1	1	Portuguese	STN	São Tomé and Príncipe dobra	Db		UTC	right	.st	+2	39	Sao Tomean	Sao Tomean	🇸🇹	Lower middle income	monday
TJ	TJK	762	Tajikistan	Republic of Tajikistan	Dushanbe	Asia	Central Asia	Asia	39	71	143100	10499000	1	1	1	Russian;Tajik	TJS	Tajikistani somoni	ЅМ	AFG;CHN;KGZ;UZB	UTC+05:00	right	.tj	+9	92	Tadzhik	Tadzhik	🇹🇯	Lower middle income	monday
TZ	TZA	834	Tanzania	United Republic of Tanzania	Dodoma	Africa	Eastern Africa	Africa	-6	35	945087	68153004	0	1	1	English;Swahili	TZS	Tanzanian shilling	Sh	BDI;COD;KEN;MWI;MOZ;RWA;UGA;ZMB	UTC+03:00	left	.tz	+2	55	Tanzanian	Tanzanian	🇹🇿	Lower middle income	monday
TH	THA	764	Thailand	Kingdom of Thailand	Bangkok	Asia	South-Eastern Asia	Asia	15	100	513120	65859640	0	1	1	Thai	THB	Thai baht	฿	MMR;KHM;LAO;MYS	UTC+07:00	left	.th	+6	6	Thai	Thai	🇹🇭	Upper middle income	monday
TL	TLS	626	Timor-Leste	Democratic Republic of Timor-Leste	Dili	Asia	South-Eastern Asia	Oceania	-8.83333333	125.91666666	14874	1391221	0	1	1	Portuguese;Tetum	USD	United States dollar	$	IDN	UTC+09:00	left	.tl	+6	70	East Timorese	East Timorese	🇹🇱	Lower middle income	monday
TG	TGO	768	Togo	Togolese Republic	Lomé	Africa	Western Africa	Africa	8	1.16666666	56785	8095498	0	1	1	French	XOF	West African CFA franc	Fr	BEN;BFA;GHA	UTC	right	.tg	+2	28	Togolese	Togolese	🇹🇬	Low income	monday
TO	TON	776	Tonga	Kingdom of Tonga	Nuku'alofa	Oceania	Polynesia	Oceania	-20	-175	747	100179	0	1	1	English;Tongan	TOP	Tongan paʻanga	T$		UTC+13:00	left	.to	+6	76	Tongan	Tongan	🇹🇴	Upper middle income	monday
TT	TTO	780	Trinidad and Tobago	Republic of Trinidad and Tobago	Port of Spain	Americas	Caribbean	North America	10.6918	-61.2225	5130	1367764	0	1	1	English	TTD	Trinidad and Tobago dollar	$		UTC-04:00	left	.tt	+1	868	Trinidadian	Trinidadian	🇹🇹	High income	monday
TN	TUN	788	Tunisia	Tunisian Republic	Tunis	Africa	Northern Africa	Africa	34	9	163610	11972169	0	1	1	Arabic	TND	Tunisian dinar	د.ت	DZA;LBY	UTC+01:00	right	.tn	+2	16	Tunisian	Tunisian	🇹🇳	Lower middle income	monday
TM	TKM	795	Turkmenistan	Turkmenistan	Ashgabat	Asia	Central Asia	Asia	40	60	488100	7057841	1	1	1	Russian;Turkmen	TMT	Turkmenistan manat	m	AFG;IRN;KAZ;UZB	UTC+05:00	right	.tm	+9	93	Turkmen	Turkmen	🇹🇲	Upper middle income	monday
TV	TUV	798	Tuvalu	Tuvalu	Funafuti	Oceania	Polynesia	Oceania	-8	178	26	10643	0	1	1	English;Tuvaluan	AUD	Australian dollar	$		UTC+12:00	left	.tv	+6	88	Tuvaluan	Tuvaluan	🇹🇻	Upper middle income	monday
TR	TUR	792	Türkiye	Republic of Türkiye	Ankara	Asia	Western Asia	Europe;Asia	39	35	783562	85664944	0	1	1	Turkish	TRY	Turkish lira	₺	ARM;AZE;BGR;GEO;GRC;IRN;IRQ;SYR	UTC+03:00	right	.tr	+9	0	Turkish	Turkish	🇹🇷	Upper middle income	monday
UG	UGA	800	Uganda	Republic of Uganda	Kampala	Africa	Eastern Africa	Africa	1	32	241550	45905417	1	1	1	English;Swahili	UGX	Ugandan shilling	Sh	COD;KEN;RWA;SSD;TZA	UTC+03:00	left	.ug	+2	56	Ugandan	Ugandan	🇺🇬	Low income	monday
UA	UKR	804	Ukraine	Ukraine	Kyiv	Europe	Eastern Europe	Europe	49	32	603500	32862000	0	1	1	Ukrainian	UAH	Ukrainian hryvnia	₴	BLR;HUN;MDA;POL;ROU;RUS;SVK	UTC+02:00	right	.ua	+3	80	Ukrainian	Ukrainian	🇺🇦	Upper middle income	monday
AE	ARE	784	United Arab Emirates	United Arab Emirates	Abu Dhabi	Asia	Western Asia	Asia	24	54	83600	11294243	0	1	1	Arabic	AED	United Arab Emirates dirham	د.إ	OMN;SAU	UTC+04:00	right	.ae	+9	71	Emirati	Emirati	🇦🇪	High income	sunday
GB	GBR	826	United Kingdom	United Kingdom of Great Britain and Northern Ireland	London	Europe	Northern Europe	Europe	54	-2	242900	69281437	0	1	1	English	GBP	British pound	£	IRL	UTC-08:00;UTC-05:00;UTC-04:00;UTC-03:00;UTC-02:00;UTC;UTC+01:00;UTC+02:00;UTC+06:00	left	.uk	+4	4	British	British	🇬🇧	High income	monday
US	USA	840	United States	United States of America	Washington, D.C.	Americas	North America	North America	38	-97	9372610	340110988	0	1	1	English	USD	United States dollar	$	CAN;MEX	UTC-12:00;UTC-11:00;UTC-10:00;UTC-09:00;UTC-08:00;UTC-07:00;UTC-06:00;UTC-05:00;UTC-04:00;UTC+10:00;UTC+12:00	right	.us	+1	201	American	American	🇺🇸	High income	sunday
UY	URY	858	Uruguay	Oriental Republic of Uruguay	Montevideo	Americas	South America	South America	-33	-56	181034	3499451	0	1	1	Spanish	UYU	Uruguayan peso	$	ARG;BRA	UTC-03:00	right	.uy	+5	98	Uruguayan	Uruguayan	🇺🇾	High income	monday
UZ	UZB	860	Uzbekistan	Republic of Uzbekistan	Tashkent	Asia	Central Asia	Asia	41	64	447400	37859698	1	1	1	Russian;Uzbek	UZS	Uzbekistani soʻm	so'm	AFG;KAZ;KGZ;TJK;TKM	UTC+05:00	right	.uz	+9	98	Uzbekistani	Uzbekistani	🇺🇿	Lower middle income	monday
VU	VUT	548	Vanuatu	Republic of Vanuatu	Port Vila	Oceania	Melanesia	Oceania	-16	167	12189	321409	0	1	1	Bislama;English;French	VUV	Vanuatu vatu	Vt		UTC+11:00	right	.vu	+6	78	Ni-Vanuatu	Ni-Vanuatu	🇻🇺	Lower middle income	monday
VA	VAT	336	Vatican City	Vatican City State	Vatican City	Europe	Southern Europe	Europe	41.9	12.45	0	882	1	1	1	Italian;Latin	EUR	euro	€	ITA	UTC+01:00	right	.va	+3	906698	Vatican	Vatican	🇻🇦		monday
VE	VEN	862	Venezuela	Bolivarian Republic of Venezuela	Caracas	Americas	South America	South America	8	-66	916445	28517000	0	1	1	Spanish	VES	Venezuelan bolívar soberano	Bs.S.	BRA;COL;GUY	UTC-04:00	right	.ve	+5	8	Venezuelan	Venezuelan	🇻🇪	Not classified	monday
VN	VNM	704	Vietnam	Socialist Republic of Vietnam	Hanoi	Asia	South-Eastern Asia	Asia	16.16666666	107.83333333	331212	101343800	0	1	1	Vietnamese	VND	Vietnamese đồng	₫	KHM;CHN;LAO	UTC+07:00	right	.vn	+8	4	Vietnamese	Vietnamese	🇻🇳	Lower middle income	monday
YE	YEM	887	Yemen	Republic of Yemen	Sana'a	Asia	Western Asia	Asia	15	48	527968	32684503	0	1	1	Arabic	YER	Yemeni rial	﷼	OMN;SAU	UTC+03:00	right	.ye	+9	67	Yemeni	Yemeni	🇾🇪	Low income	sunday
ZM	ZMB	894	Zambia	Republic of Zambia	Lusaka	Africa	Eastern Africa	Africa	-15	30	752612	19693423	1	1	1	English	ZMW	Zambian kwacha	ZK	AGO;BWA;COD;MWI;MOZ;NAM;TZA;ZWE	UTC+02:00	left	.zm	+2	60	Zambian	Zambian	🇿🇲	Lower middle income	monday
ZW	ZWE	716	Zimbabwe	Republic of Zimbabwe	Harare	Africa	Southern Africa	Africa	-20	30	390757	17073087	1	1	1	Chewa;Chibarwe;English;Kalanga;Khoisan;Ndau;Northern Ndebele;Shona;Sotho;Tonga;Tsonga;Tswana;Venda;Xhosa;Zimbabwean Sign Language	ZWL	Zimbabwean dollar	$	BWA;MOZ;ZAF;ZMB	UTC+02:00	left	.zw	+2	63	Zimbabwean	Zimbabwean	🇿🇼	Lower middle income	monday
